Entity,Code,Year,Tea,Sugar,Peanuts,Palm oil,Coffee,Cocoa,Wheat,Rye,Rice,Corn,Barley,Pork,Beef,Lamb
World,OWID_WRL,1850,191.12218,210.84259,,117.30515,138.99068,79.9121,98.04873,189.65752,124.96697,98.80269,116.838425,55.130657,76.806946,78.36912
World,OWID_WRL,1851,182.44576,224.011,,111.848854,120.27542,78.66896,70.05146,205.83524,118.75844,98.94129,126.47213,76.30844,78.46539,81.923195
World,OWID_WRL,1852,155.16415,196.04701,,114.60614,112.38017,63.19299,68.53606,224.24324,132.17624,106.76517,143.71362,92.363716,80.21489,81.04818
World,OWID_WRL,1853,193.16353,221.61836,,146.22163,115.68547,92.88048,111.94649,200.9219,160.08011,109.23692,166.8284,84.039276,100.915504,99.468216
World,OWID_WRL,1854,180.65268,196.07843,,174.54546,123.175186,94.584366,152.59901,146.90326,166.21622,118.17668,166.45306,67.31147,102.38095,91.52542
World,OWID_WRL,1855,170.49753,220.93687,,155.41766,116.69323,91.87551,178.45721,119.30204,170.6444,135.84279,156.74551,84.30488,101.761566,87.2578
World,OWID_WRL,1856,168.6225,256.30457,,151.24088,129.5058,93.66384,144.35626,187.65268,133.81995,97.08021,188.18443,86.45023,96.66898,88.956245
World,OWID_WRL,1857,195.23853,309.40527,,157.44681,128.75821,85.80633,123.676506,177.48224,133.92435,106.94396,187.29468,99.91264,96.21749,88.06347
World,OWID_WRL,1858,196.8768,264.01297,,144.66165,128.74721,90.048744,93.491196,220.69377,104.7619,110.74633,164.13078,80.963844,99.576324,88.17383
World,OWID_WRL,1859,218.6995,245.55052,,165.26054,138.21974,76.41854,125.29902,183.39365,117.36973,124.31231,156.8982,88.149574,98.587975,90.72213
World,OWID_WRL,1860,219.52345,253.47151,,168.933,147.43439,71.86981,132.4284,193.56436,140.57072,107.565254,171.37392,101.242744,100.99255,95.85734
World,OWID_WRL,1861,189.07704,216.79753,,155.9719,159.44005,69.547516,96.72469,226.92921,136.53395,63.319893,159.09738,66.82363,95.31616,88.85405
World,OWID_WRL,1862,186.62985,183.34439,,130.5436,223.445,124.10043,90.172516,175.53102,119.589745,62.008034,135.4928,46.672848,77.52381,74.996956
World,OWID_WRL,1863,145.85466,141.64049,,89.99178,245.12582,134.35661,94.19757,98.71766,99.42481,103.143265,102.395836,55.066166,65.29327,61.2175
World,OWID_WRL,1864,113.43502,134.14185,,66.08011,104.84613,117.041405,115.83128,54.17704,69.33684,151.80144,71.93761,83.723564,55.992245,49.82361
World,OWID_WRL,1865,119.44593,109.16813,,69.36035,100.34377,132.09718,83.14043,69.25554,75.934135,86.0934,71.26934,104.38031,56.461292,55.920395
World,OWID_WRL,1866,118.79009,107.857155,,80.779724,89.27852,93.92941,97.95697,77.27179,85.76998,75.55746,91.70782,91.15156,59.188095,54.68442
World,OWID_WRL,1867,124.84176,124.658844,,84.6304,83.73079,77.02491,159.736,58.593327,91.28313,128.80025,104.984344,70.2171,60.81889,52.91587
World,OWID_WRL,1868,132.66905,129.72481,,85.92162,75.45581,72.0031,143.58005,54.287918,87.80842,129.43486,117.44457,94.14307,60.477573,51.061474
World,OWID_WRL,1869,127.692696,144.9882,,91.8698,78.71166,68.071625,97.068474,75.29602,79.93944,109.90454,112.540276,115.20037,67.488556,60.575577
World,OWID_WRL,1870,128.84564,151.40665,203.42216,91.25692,88.06728,78.817566,88.10218,103.39321,83.478264,121.37397,103.241104,107.81316,73.540375,63.257183
World,OWID_WRL,1871,131.73077,167.15686,221.7742,95,108.728714,66.686485,118.157234,105.252,84.54392,88.39329,130.23648,68.46614,86.75595,73.41102
World,OWID_WRL,1872,134.45512,161.76471,188.50807,97.5,140.09276,71.59136,121.523796,102.09581,92.9054,69.22918,124.66216,58.644714,85.11905,78.07204
World,OWID_WRL,1873,136.33731,154.10413,178.82648,96.965515,172.87,65.75266,116.056854,106.02898,91.034485,67.136986,166.03448,62.87124,93.56322,84.44477
World,OWID_WRL,1874,146.08882,153.24666,230.70944,96.521736,187.2449,69.924805,113.20205,125.97703,99.63768,127.55173,174.27536,87.61369,89.53157,77.480965
World,OWID_WRL,1875,149.17342,150.00737,197.42906,100.150375,175.67014,69.35591,110.38202,115.9009,85.80827,126.504814,160.90225,112.702484,100.183495,92.06384
World,OWID_WRL,1876,149.93213,159.76146,171.85258,108.25794,184.24156,80.70382,113.826096,106.33593,95.28393,91.229645,131.85756,105.64548,96.99803,95.606926
World,OWID_WRL,1877,149.36465,188.69893,152.63309,116.650246,197.85027,87.76654,144.30826,97.00481,108.37438,94.541405,124.729065,83.9718,93.56322,93.789764
World,OWID_WRL,1878,150.00928,165.05464,160.20949,116.31851,169.47368,95.96757,115.091156,91.57074,113.753876,82.20873,120.785934,60.335583,98.20751,97.01856
World,OWID_WRL,1879,144.02461,158.45245,133.05534,104.074455,149.34233,108.44122,118.15941,113.24528,110.34126,78.66649,123.88831,61.100204,90.190575,91.311584
World,OWID_WRL,1880,128.95288,164.2785,132.48267,95.58022,145.10103,96.58458,122.72664,122.1432,101.00908,80.66507,133.80424,75.559975,95.82913,91.88459
World,OWID_WRL,1881,122.73021,170.7208,145.73093,95.58022,118.37079,88.23096,133.52823,150.34271,93.23915,107.49737,165.28758,99.63878,93.873436,96.06116
World,OWID_WRL,1882,120.43261,164.2785,190.77504,104.54087,103.78158,87.33936,136.1559,103.452835,83.249245,144.41101,127.346115,120.12273,99.740524,100.23773
World,OWID_WRL,1883,121.74074,161.08722,213.6341,124.98455,105.38379,94.79442,120.22426,97.71929,91.76107,116.91291,121.31823,100.79115,101.79491,103.72323
World,OWID_WRL,1884,117.51733,117.48212,173.94933,112.050476,110.42022,86.94188,100.19548,91.23205,90.22082,115.92454,101.577286,92.23808,99.859795,92.84785
World,OWID_WRL,1885,122.76329,119.87714,112.69556,95.27897,91.9743,87.50664,103.25233,101.111084,82.61803,97.41371,119.5279,72.84265,91.49806,82.89809
World,OWID_WRL,1886,122.438705,101.50499,126.68365,77.89474,107.79024,92.66579,96.36374,94.42081,80.8114,86.20809,116.447365,73.260826,85.00418,93.79275
World,OWID_WRL,1887,108.8659,100.40407,113.91785,70.62907,193.66338,88.276794,94.15519,94.277824,72.77657,91.2169,112.79826,85.5889,75.674,77.81168
World,OWID_WRL,1888,113.08471,110.790695,131.00552,70.62907,171.06372,88.276794,113.45595,104.32237,84.70716,107.47157,128.19957,99.87801,81.98016,86.789955
World,OWID_WRL,1889,114.76083,135.98874,173.68002,82.95964,204.28091,84.05295,110.05773,76.5017,90.02242,81.110794,93.049324,79.12336,84.73735,97.44243
World,OWID_WRL,1890,114.556076,110.386375,169.69498,90.61224,213.79077,80.64548,116.43074,114.76412,91.04308,94.165726,140.81633,71.56114,83.5007,92.29025
World,OWID_WRL,1891,115.73929,112.19599,113.12998,87.25623,201.1598,75.93586,126.05349,142.21172,88.67347,141.45663,118.36735,79.71561,87.89548,82.9048
World,OWID_WRL,1892,108.85516,115.815216,101.221565,80.54422,190.4001,74.2108,103.23013,98.92188,97.27891,111.08922,105.66894,92.44267,83.5007,82.9048
World,OWID_WRL,1893,107.22036,108.90673,102.38236,82.31651,214.76619,82.449036,89.34533,92.417,81.36468,96.72985,92.201836,120.944664,83.346985,85.43772
World,OWID_WRL,1894,109.09119,105.25697,85.008125,86.95444,219.04526,75.71244,78.660065,94.6797,67.26619,109.93183,104.796165,96.957146,85.98264,90.98484
World,OWID_WRL,1895,112.23776,94.117645,96.77419,83.63636,205.54541,73.7668,85.97901,81.237526,75.675674,102.23471,80.58968,85.63171,88.09524,98.305084
World,OWID_WRL,1896,111.30536,98.039215,109.67742,80,186.66362,67.46568,94.35019,73.652695,83.78378,67.653336,72.72727,67.21718,80.95238,89.830505
World,OWID_WRL,1897,110.44776,87.34757,91.446,80.995026,95.4549,71.84795,122.816185,86.087524,94.402985,67.586266,85.32338,72.98582,86.78038,94.3798
World,OWID_WRL,1898,107.733765,93.30309,94.71192,84.67662,76.97976,96.8552,128.38022,89.118774,98.50746,83.61785,96.76617,77.165985,86.78038,89.231804
World,OWID_WRL,1899,104.075775,97.27344,111.041565,92.0398,75.44016,87.33384,102.27773,100.03128,98.50746,88.89924,96.51741,80.844536,96.422646,92.6638
World,OWID_WRL,1900,100,100,100,100,100,100,100,100,100,100,100,100,100,100
World,OWID_WRL,1901,94.48084,79.93693,92.41309,93.59968,77.70516,92.90888,100.45078,108.44815,88.79107,129.31613,110.194176,115.34598,98.78641,98.78641
World,OWID_WRL,1902,98.91441,63.113358,107.047264,97.60192,68.63995,92.37014,102.86705,97.407104,84.85893,152.91435,108.633095,133.95078,97.60192,97.60192
World,OWID_WRL,1903,73.65305,66.089355,110.819496,97.09803,65.97915,90.885735,106.480354,101.904045,104.915794,114.99486,104.806564,113.47331,90.86821,95.4279
World,OWID_WRL,1904,87.35852,86.98723,139.96187,94.32213,90.305984,92.07737,137.83766,130.28127,86.4768,124.53636,95.48088,95.95778,94.32213,94.32213
World,OWID_WRL,1905,85.821205,94.07656,123.132774,93.75777,96.10511,91.448204,135.88097,114.85634,98.43268,125.3624,92.37984,98.73754,95.10221,95.4279
World,OWID_WRL,1906,73.61611,69.9285,117.43859,103.15108,91.2761,91.67724,104.516106,108.99989,113.17767,112.92231,95.87156,115.54879,93.348625,93.348625
World,OWID_WRL,1907,68.96384,70.40772,126.82271,106.60809,71.07245,106.37422,115.25376,129.48067,116.29423,123.141685,145.99341,106.986725,87.21766,87.08069
World,OWID_WRL,1908,65.22831,82.547966,108.917984,91.25561,70.1162,75.50508,126.028595,132.60295,123.215706,163.00868,126.90583,103.83999,91.25561,87.38884
World,OWID_WRL,1909,72.15848,82.179756,122.061295,97.1359,88.706795,65.368835,157.44199,132.26427,98.06168,160.76218,126.75737,137.1017,92.29025,92.29025
World,OWID_WRL,1910,71.17928,84.94703,114.04154,113.18468,104.50137,58.92474,137.2818,127.898384,93.746216,134.99306,131.81325,155.8913,88.08055,88.00769
World,OWID_WRL,1911,71.77589,94.31517,119.743614,111.637856,144.66939,62.07984,123.02838,142.18771,122.685555,136.44069,179.15309,116.188644,87.7789,88.00769
World,OWID_WRL,1912,71.195015,79.86168,122.91009,104.83468,153.74608,64.4364,128.11981,109.41139,138.684,156.71242,108.297874,129.42882,86.30019,86.22881
World,OWID_WRL,1913,70.568085,58.424244,123.08468,110.07053,112.68592,70.15681,113.9471,100.53144,106.3182,138.30357,109.375,138.21532,83.34471,83.35452
World,OWID_WRL,1914,69.91265,78.36251,113.81204,119.3903,82.58192,62.00349,120.727394,136.1504,99.26218,153.3745,110.62952,136.72348,80.85039,80.80058
World,OWID_WRL,1915,67.306076,97.746796,110.53189,124.62801,75.93069,83.08031,154.8833,139.45497,100.02249,159.20753,106.776184,115.93928,171.99474,184.49779
World,OWID_WRL,1916,61.612892,118.1325,118.457436,163.76514,86.83456,64.66065,149.12985,171.02637,84.509926,165.87979,151.12782,144.92125,171.54597,175.37514
World,OWID_WRL,1917,65.198845,103.65354,143.37477,199.37363,71.14169,42.332047,212.63657,219.25261,60.527687,274.22333,191.88768,197.29971,141.725,160.61966
World,OWID_WRL,1918,64.93295,80.979614,113.33162,154.55106,64.13835,41.50561,169.88942,160.74889,58.674343,226.32867,126.29482,187.81532,162.1514,173.14471
World,OWID_WRL,1919,54.25213,84.128,142.67387,148.5958,102.14639,52.09107,167.8215,136.17851,54.86682,197.93271,143.3526,167.80981,175.03995,180.8313
World,OWID_WRL,1920,37.524967,171.51912,61.583286,89.79272,59.293346,32.88078,146.80513,118.37005,55.727493,152.77864,84.73054,108.91598,97.734566,120.82361
World,OWID_WRL,1921,36.478504,49.812714,55.743378,55.84873,39.799725,21.11405,95.404434,75.70067,71.42854,69.384026,53.519554,71.8285,84.43114,102.318436
World,OWID_WRL,1922,54.563225,48.024273,84.55191,63.009964,60.929707,26.579884,93.54422,60.746487,84.32678,78.53872,59.511032,84.62069,53.508926,57.588715
World,OWID_WRL,1923,68.56605,84.75579,98.44852,63.57174,66.67048,21.573248,78.939926,55.20535,78.65436,101.93101,63.97188,68.1071,56.9628,89.10816
World,OWID_WRL,1924,69.97397,64.25384,89.06244,68.48762,97.48249,21.5354,98.459785,89.78884,85.38987,119.27646,86.78362,77.13859,57.02533,111.54277
World,OWID_WRL,1925,67.837975,36.753212,64.4094,75.7471,114.9522,26.258938,116.61064,71.8301,83.95397,125.18512,70.05134,105.79132,70.2067,127.49862
World,OWID_WRL,1926,72.47608,36.07598,74.17532,69.38549,101.73089,31.479143,105.18629,75.7299,89.406425,89.8769,65.42373,104.767654,66.23628,83.59811
World,OWID_WRL,1927,72.74707,43.715183,78.60791,65.782715,103.33104,44.07422,92.542694,77.075096,84.387726,105.66701,79.332184,88.26849,60.937122,89.157715
World,OWID_WRL,1928,64.90606,36.604927,75.110634,67.53602,133.30266,36.20468,107.847725,77.39617,77.41684,121.266945,66.31641,85.84022,76.224976,110.94472
World,OWID_WRL,1929,63.228977,28.880768,56.716194,68.36767,129.40779,29.419275,89.06243,81.28495,77.26868,115.94704,62.93053,91.52994,80.76604,101.883896
World,OWID_WRL,1930,60.546005,21.184416,55.03187,55.59647,77.27201,23.791248,67.9467,43.19696,62.44205,104.42504,48.502995,85.39399,74.86052,93.560844
World,OWID_WRL,1931,49.702946,20.96339,27.585623,44.99624,56.5248,16.541748,51.45311,36.378197,38.413593,72.26284,43.072884,59.55539,136.81009,172.11792
World,OWID_WRL,1932,33.009857,14.950476,28.833893,39.73868,77.47793,15.606601,47.705547,33.303818,37.66281,47.502525,32.357246,40.76333,110.84155,147.20761
World,OWID_WRL,1933,52.329407,21.527903,56.730385,41.885063,70.12167,16.44955,69.634575,78.60483,33.7392,65.40788,66.97531,44.925552,109.11126,176.4497
World,OWID_WRL,1934,68.48187,25.562159,64.71368,57.5998,82.20183,18.81485,83.72958,87.36523,42.480194,103.13472,102.46452,55.360046,85.27428,179.799
World,OWID_WRL,1935,63.010925,33.099545,59.286236,80.07398,63.860424,17.643457,86.04993,47.09765,54.115513,125.932884,55.207573,106.36274,88.4235,288.14114
World,OWID_WRL,1936,64.280396,35.901665,70.09729,80.3508,67.503365,23.77422,94.99479,95.1874,52.627853,128.33472,112.84271,110.224525,90.199905,327.4953
World,OWID_WRL,1937,71.599236,35.252785,60.34235,85.523895,75.887764,28.342619,98.68796,77.61691,53.852345,152.61629,75.487465,111.57302,124.20451,348.51813
World,OWID_WRL,1938,68.36526,29.599392,61.49866,68.9283,54.058258,17.880116,65.59292,44.741177,50.360706,83.08109,52.235626,89.14266,111.993835,306.97214
World,OWID_WRL,1939,60.28846,31.268637,64.2746,71.972084,52.682976,16.742872,64.2186,51.351006,49.433598,76.53711,58.315334,73.29527,108.60614,255.27205
World,OWID_WRL,1940,60.96664,27.88176,61.76166,73.28472,50.701515,17.614613,79.235016,48.63829,58.82622,95.61457,56.593014,63.04904,135.6406,258.1333
World,OWID_WRL,1941,74.312355,33.000313,83.78337,94.047714,76.13565,25.000362,80.80108,59.78376,62.646217,103.93404,71.8262,88.70187,150.69568,253.59349
World,OWID_WRL,1942,87.52137,44.64386,98.26637,104.24731,81.40851,26.45771,90.31484,60.1058,62.180428,110.048416,77.54601,99.27667,175.72269,237.4202
World,OWID_WRL,1943,74.16433,40.56766,107.76431,70.98978,76.70281,24.928362,102.59449,92.22572,61.220734,129.35924,114.566475,77.72953,175.52171,239.64632
World,OWID_WRL,1944,71.2015,40.366676,119.354836,69.779724,75.39538,24.503447,109.25293,100.62375,60.1772,136.54791,114.77273,66.306465,169.53072,240.65678
World,OWID_WRL,1945,69.61924,46.97988,121.07885,68.229065,74.774376,23.958927,110.50963,122.75893,58.839928,138.90625,112.22222,68.03406,165.91771,227.26083
World,OWID_WRL,1946,60.76455,52.25655,122.28679,62.851746,94.56912,28.514883,116.13638,161.31094,62.524708,160.60051,141.24872,59.847923,176.0163,227.17805
World,OWID_WRL,1947,73.63295,61.799988,118.71372,113.77456,114.73334,75.69406,138.66286,165.82056,87.5583,201.3433,154.87914,54.45379,148.73213,188.51456
World,OWID_WRL,1948,72.65863,50.525707,114.497375,129.27934,111.113815,79.88222,120.07228,96.48643,86.09024,180.05673,96.34551,49.23834,114.102875,126.90819
World,OWID_WRL,1949,78.13577,50.16973,114.50057,96.39608,136.53029,43.88086,104.10378,81.74845,75.06467,120.02658,88.888885,57.7435,91.323906,112.802475
World,OWID_WRL,1950,68.94116,59.484425,118.85918,86.58064,209.55457,64.589226,106.40059,88.38966,62.69867,134.58275,98.83721,52.338905,62.416233,58.584026
World,OWID_WRL,1951,80.18801,62.773094,105.11311,126.97224,206.4614,66.20723,108.52625,95.05853,61.386703,148.93248,96.99769,44.231712,57.63767,63.327396
World,OWID_WRL,1952,65.43951,45.175804,107.80147,74.23322,200.96901,64.601715,101.79551,105.256905,65.0182,143.02988,103.20151,39.216766,59.957966,59.88924
World,OWID_WRL,1953,77.72776,36.66625,108.958694,65.13873,216.09738,67.19825,88.88845,78.352455,72.12921,127.5283,87.47664,53.015522,66.883484,78.65357
World,OWID_WRL,1954,111.71327,34.884,119.17723,66.41368,287.46805,104.18784,91.950226,73.13795,64.87828,126.38452,81.10119,52.53269,64.18287,64.79993
World,OWID_WRL,1955,106.356285,34.799046,114.719696,69.32154,208.42274,67.84636,90.9972,64.31052,58.356873,111.439415,68.70799,41.63761,76.04141,80.4974
World,OWID_WRL,1956,101.34796,36.82699,108.201004,78.80231,212.52985,48.666298,95.2165,69.34182,55.62915,114.32376,72.84768,38.367485,129.40201,148.60036
World,OWID_WRL,1957,89.760475,52.7232,97.010254,77.11653,198.39066,52.668453,91.11047,62.33501,53.829094,96.01617,63.01954,50.508602,110.139366,137.9661
World,OWID_WRL,1958,90.465904,34.8097,96.24325,71.10544,164.89337,74.21979,81.83791,57.304478,54.343937,92.08096,62.240665,56.57205,114.699844,134.29272
World,OWID_WRL,1959,89.02398,29.29514,86.446304,71.497314,125.5805,60.815605,77.55978,55.718468,50.07063,89.134254,58.98491,41.161415,259.8091,217.642
World,OWID_WRL,1960,88.60403,30.491224,88.64978,68.4631,122.79441,46.45743,77.22019,48.380486,46.496735,82.64721,56.718433,47.396427,270.7812,298.56946
World,OWID_WRL,1961,81.07966,27.104258,95.65939,68.98468,117.88081,37.366806,80.8952,54.84619,51.004875,80.470436,57.805614,51.0467,248.2002,241.7404
World,OWID_WRL,1962,81.95429,27.80649,95.45232,64.57214,108.36326,35.35718,79.72136,50.847282,57.20513,79.580925,62.54004,49.695396,256.99014,226.82794
World,OWID_WRL,1963,79.317665,81.62939,96.04517,65.6301,103.63574,42.142014,76.04834,57.30668,52.651676,87.2582,65.27589,40.895016,236.97522,271.9221
World,OWID_WRL,1964,76.14226,55.533466,94.77613,69.730705,128.16061,38.07673,63.923054,54.45506,49.675446,85.89099,67.54551,39.98852,295.09723,297.34073
World,OWID_WRL,1965,80.7832,19.111565,94.84852,78.02801,124.83429,27.041779,58.127857,50.297253,48.28905,87.56644,64.3019,53.305492,304.19632,224.04192
World,OWID_WRL,1966,68.65184,16.729107,91.409775,65.59745,112.68278,37.255157,61.741913,53.057163,57.38976,89.84948,66.54312,53.802616,342.97482,221.9741
World,OWID_WRL,1967,63.805954,17.17722,89.62334,60.453575,101.90392,41.83619,52.222404,52.05039,72.74132,82.052345,65.515305,45.946743,339.4463,230.59753
World,OWID_WRL,1968,54.834816,16.437183,89.790504,43.838833,98.12028,48.394768,44.180367,46.688232,67.43338,69.56156,60.277195,45.823997,339.5823,251.94672
World,OWID_WRL,1969,50.47463,26.2597,88.07587,44.63011,94.16107,57.19276,43.55238,44.750423,58.90671,71.39935,58.12082,57.341118,363.1444,251.13818
World,OWID_WRL,1970,54.79426,28.884172,86.53533,60.500248,116.267395,40.601048,46.723602,41.413567,41.72166,75.9692,56.571636,55.506042,365.6846,250.87167
World,OWID_WRL,1971,53.522667,33.37019,88.153465,58.20599,96.43032,31.026495,45.52947,36.056545,35.323807,71.66667,58.404976,44.293106,361.78308,231.24904
World,OWID_WRL,1972,47.640167,52.241734,90.35033,46.910217,104.420715,35.950348,51.04379,37.309086,39.683743,66.88306,59.888157,62.5089,385.17285,299.91556
World,OWID_WRL,1973,45.19856,64.008514,95.698685,76.749535,121.69144,59.443382,105.76517,69.814926,83.58063,106.168015,95.69769,89.643616,492.6341,456.7314
World,OWID_WRL,1974,56.51252,181.0739,95.28063,122.55643,115.887024,73.92724,109.43924,82.67026,134.5014,142.43317,109.726006,69.8684,349.27563,307.85767
World,OWID_WRL,1975,54.068695,114.28968,95.59028,72.8686,105.49133,54.066177,74.799225,71.218636,81.358574,112.70329,91.31541,88.81112,268.41516,170.5998
World,OWID_WRL,1976,53.13782,61.048054,92.230644,64.5158,217.64618,83.935905,62.89733,70.48004,52.877266,100.03631,81.68171,73.19391,302.36087,291.66965
World,OWID_WRL,1977,82.187584,40.271168,90.97828,79.02028,335.86905,146.08824,49.43689,55.22168,53.389107,77.883156,65.86017,65.80285,270.66144,456.6812
World,OWID_WRL,1978,55.08165,36.039,84.950195,83.17602,216.78616,121.9029,57.22132,49.57457,67.99454,76.34018,70.245895,71.84028,357.02115,512.4017
World,OWID_WRL,1979,52.871323,40.02836,74.537155,81.4135,207.6452,106.004745,64.593285,46.120792,55.346733,77.95318,74.94769,55.50049,432.76468,583.8892
World,OWID_WRL,1980,51.336796,104.585945,80.00454,64.024796,165.71477,73.83242,61.266678,52.06775,63.967102,79.67589,79.15875,47.694447,364.83224,587.5031
World,OWID_WRL,1981,41.20947,56.118805,73.70298,56.71028,124.24364,53.42873,50.982666,53.60444,64.75958,72.108635,73.08806,51.70809,296.32382,507.14938
World,OWID_WRL,1982,40.761562,26.241907,45.70395,41.677387,126.01051,42.018368,41.192257,40.408302,36.22587,52.573227,55.036636,71.461174,269.65817,415.44196
World,OWID_WRL,1983,53.66435,25.573513,51.65722,45.4918,115.11723,49.723522,41.341106,35.39868,33.078724,67.197914,59.331493,55.917747,266.76102,325.58362
World,OWID_WRL,1984,67.252495,15.054588,42.91476,63.38685,120.86801,53.874397,40.473927,27.991371,28.708776,62.821377,63.160053,52.130474,238.24495,311.46387
World,OWID_WRL,1985,41.440334,11.342173,33.472397,42.038826,118.25394,48.948685,35.858242,30.65282,23.48046,49.39893,45.566185,50.021793,218.00836,286.5423
World,OWID_WRL,1986,38.593304,16.600117,48.31776,21.18893,154.25069,44.115585,32.393593,22.088305,21.801325,37.020184,36.17311,53.972996,207.87077,311.65555
World,OWID_WRL,1987,37.04723,17.886845,35.58691,27.250494,86.84512,41.011597,29.593166,23.312881,24.2369,30.152754,40.360085,49.87257,228.71394,319.76993
World,OWID_WRL,1988,33.9981,25.906048,42.15879,33.392487,100.99689,31.293028,35.672745,34.61007,30.091331,42.57045,49.559967,31.383253,231.69815,341.4015
World,OWID_WRL,1989,37.50864,31.028767,35.13817,25.535805,75.82384,23.38161,39.00023,26.991823,30.952396,41.685936,50.51142,24.685106,225.61264,313.37872
World,OWID_WRL,1990,40.12304,28.876303,54.052673,20.032463,59.428436,22.6412,29.619104,25.98109,26.586964,39.840664,50.975513,36.833317,213.56187,342.00714
World,OWID_WRL,1991,31.326242,19.78968,48.439327,22.491016,54.171444,20.498623,27.767809,26.244135,27.625677,37.488537,47.91431,31.28665,212.94315,284.12305
World,OWID_WRL,1992,29.143229,19.405819,30.35804,25.343906,39.63422,18.309504,31.023596,27.561697,24.526957,34.84625,46.744835,19.275536,190.51527,303.55746
World,OWID_WRL,1993,28.483273,20.860395,40.283375,23.62235,42.52373,18.057966,27.97026,28.672068,20.901165,33.722992,41.175888,21.377888,197.25905,316.9374
World,OWID_WRL,1994,25.66281,24.574415,34.33812,32.219204,87.90006,22.00592,28.03701,29.600718,23.165049,34.08037,40.863163,18.224144,171.41537,312.8849
World,OWID_WRL,1995,24.896057,26.206476,31.822163,37.250664,86.11549,21.958345,32.932148,30.917168,27.019201,38.46351,56.8916,19.728174,133.52272,274.17838
World,OWID_WRL,1996,26.974712,22.915457,32.67873,30.576649,67.6281,21.67314,35.82191,38.3147,27.70929,50.69708,63.577255,28.222822,121.45484,342.08508
World,OWID_WRL,1997,32.71469,21.30296,32.823093,30.730633,102.27406,23.562044,26.840046,37.96146,24.260893,35.232685,50.502983,21.734758,125.393105,345.4942
World,OWID_WRL,1998,31.993238,16.463388,32.330463,37.202774,72.03432,24.026937,20.516506,24.819809,23.939823,28.525028,43.4969,13.39961,114.64878,262.61963
World,OWID_WRL,1999,28.135727,11.306801,27.629171,23.648193,54.14895,15.920426,17.330507,22.137957,19.129982,24.370176,37.99624,12.761751,118.324524,256.51752
World,OWID_WRL,2000,27.770483,14.287305,26.94874,16.280401,43.90476,12.288754,17.225945,24.531656,15.079163,23.137938,37.387882,16.484451,121.76337,241.82141
World,OWID_WRL,2001,22.999825,14.664816,26.074968,14.667051,30.535694,14.098194,18.241154,26.238207,12.520749,22.778976,44.215153,16.608717,129.51811,271.3705
World,OWID_WRL,2002,21.336422,11.512228,21.43033,20.638882,29.699028,23.087593,21.663464,29.984278,13.683345,24.83347,50.491745,12.577917,127.63572,299.5438
World,OWID_WRL,2003,21.008402,11.58761,28.884918,23.410831,30.295338,22.230566,22.585543,25.872385,13.7789,25.771896,47.451653,13.89541,125.86156,320.48456
World,OWID_WRL,2004,22.743172,11.408646,27.880507,23.88358,36.985947,19.1677,22.931112,27.69559,16.141546,26.636078,43.682507,17.99815,154.09612,323.79422
World,OWID_WRL,2005,21.495146,15.221429,23.857908,20.84687,51.063408,18.399267,20.84008,27.45354,18.805449,22.737236,40.581524,16.594088,152.47704,304.0312
World,OWID_WRL,2006,23.66797,22.049782,23.13986,22.783234,49.270996,18.447544,23.647024,26.756804,19.401802,27.201042,48.219067,15.169877,143.13333,281.14206
World,OWID_WRL,2007,25.029034,14.615538,32.069256,35.59253,51.736225,21.997295,34.508224,39.25919,20.198465,35.5238,69.3045,14.70189,141.56184,287.7819
World,OWID_WRL,2008,28.653925,17.87566,39.633144,43.771843,56.370396,27.964218,37.819523,47.693558,38.743908,46.637493,77.63517,14.377057,163.64255,292.59155
World,OWID_WRL,2009,32.361507,25.43488,28.07303,31.216331,58.213867,31.45679,25.992855,37.33579,33.188534,34.718575,49.859512,12.448046,138.55481,252.72656
World,OWID_WRL,2010,33.720024,29.360619,30.324167,38.663662,78.02553,33.565804,31.586346,37.478195,28.764645,38.369263,60.54763,16.346292,170.73492,246.52559
World,OWID_WRL,2011,33.092197,34.758404,44.636272,47.939655,104.63399,30.950857,38.11759,56.050785,30.971718,58.356995,76.78407,18.957462,197.38892,244.66751
World,OWID_WRL,2012,32.16927,28.218763,56.708694,41.066086,70.51945,24.339,38.58029,54.278656,31.459469,58.494823,87.240944,17.26645,199.49603,162.82616
World,OWID_WRL,2013,31.313274,22.83986,34.646275,33.775337,52.003864,24.458452,35.6247,55.51771,27.861094,50.110718,72.64423,17.788893,192.98161,167.65419
World,OWID_WRL,2014,29.289791,21.607637,28.329998,31.966757,73.53337,30.220049,31.062902,53.12157,22.915075,36.6674,51.376198,20.79355,232.31905,212.60445
World,OWID_WRL,2015,29.864492,17.051182,29.343313,25.29205,58.591934,30.901861,26.112371,44.558247,20.894125,32.231857,42.672997,13.718665,209.47081,162.66806
World,OWID_WRL,2016,28.513138,22.624666,30.93177,27.69956,59.25733,28.139372,22.029417,34.66094,21.177292,29.844679,36.092693,12.450531,184.25453,140.44165
World,OWID_WRL,2017,32.7384,19.6519,32.326603,27.681965,53.344032,19.342346,21.799767,31.153967,20.879486,28.372189,33.205124,13.341344,194.90916,163.36745
World,OWID_WRL,2018,28.90253,14.972615,28.015133,22.982786,45.892086,21.340815,24.350302,40.56981,21.492931,29.466997,41.790585,11.854446,181.92664,170.02054
World,OWID_WRL,2019,25.60385,14.94141,27.753666,21.264477,44.36353,21.39099,24.783197,38.195396,20.976595,29.938133,41.759167,12.143803,202.75333,167.19676
World,OWID_WRL,2020,26.58517,14.922975,37.5709,26.319973,50.577393,21.392471,26.388796,37.102142,24.624733,28.772692,31.436256,10.799446,196.3824,165.61948